{
    "path": "ui/134266531",
    "describe": "",
    "name": "\u706b\u5de8\u4eba",
    "res_name": "\u706b\u5de8\u4eba.png",
    "key": 134266531,
    "uid": "134266531",
    "size": "128X128",
    "url": "https://kk3.nosdn.127.net/editor/png/8c383a8ab51ce7d2d50b3045e2059af1.png",
    "has_upload": false,
    "version": 1,
    "sub_type": "icon",
    "custom_editor_type": "custom_editor_icon",
    "md5": "45122bf11332b39cb527fefc6ab6a55a",
    "res_type": "editor_icon",
    "import_export_folder_info": "/code_explorer_custom_root_folder_name/\u602a\u7269\u9884\u7f6e"
}