{
    "path": "ui/134239793",
    "describe": "",
    "name": "\u708e\u9b54",
    "res_name": "\u708e\u9b54.png",
    "key": 134239793,
    "uid": "134239793",
    "size": "128X128",
    "url": "https://kk3.nosdn.127.net/editor/png/8558cb912a9262df14b0fce1eb3aa734.png",
    "has_upload": false,
    "version": 1,
    "sub_type": "icon",
    "custom_editor_type": "custom_editor_icon",
    "md5": "da37c0180017c85e33a1280f04391592",
    "res_type": "editor_icon",
    "import_export_folder_info": "/code_explorer_custom_root_folder_name/\u602a\u7269\u9884\u7f6e"
}