{
    "path": "ui/134218584",
    "describe": "",
    "name": "\u91ce\u732a",
    "res_name": "\u91ce\u732a.png",
    "key": 134218584,
    "uid": "134218584",
    "size": "128X128",
    "url": "https://kk3.nosdn.127.net/editor/png/44e7eb321d8e6623ad0ad60daf460be1.png",
    "has_upload": false,
    "version": 1,
    "sub_type": "icon",
    "custom_editor_type": "custom_editor_icon",
    "md5": "62d380e9f68e70d7d44b39c87be9d6a3",
    "res_type": "editor_icon",
    "import_export_folder_info": "/code_explorer_custom_root_folder_name/\u602a\u7269\u9884\u7f6e"
}